<?xml version="1.0" encoding="UTF-8"?>
<project-private xmlns="http://www.netbeans.org/ns/project-private/1">
    <editor-bookmarks xmlns="http://www.netbeans.org/ns/editor-bookmarks/2" lastBookmarkId="0"/>
    <open-files xmlns="http://www.netbeans.org/ns/projectui-open-files/2">
        <group>
            <file>file:/D:/benoit.bossavit/Documents/NetBeansProjects/DebuggingExercises/src/DebuggingExercise2.java</file>
            <file>file:/D:/benoit.bossavit/Documents/NetBeansProjects/DebuggingExercises/src/DebuggingExercise3.java</file>
            <file>file:/D:/benoit.bossavit/Documents/NetBeansProjects/DebuggingExercises/src/Exercise3.java</file>
            <file>file:/D:/benoit.bossavit/Documents/NetBeansProjects/DebuggingExercises/src/DebuggingExercise4.java</file>
            <file>file:/D:/benoit.bossavit/Documents/NetBeansProjects/DebuggingExercises/src/DebuggingExercise1.java</file>
            <file>file:/D:/benoit.bossavit/Documents/NetBeansProjects/DebuggingExercises/src/Exercise2.java</file>
            <file>file:/D:/benoit.bossavit/Documents/NetBeansProjects/DebuggingExercises/src/Exercise1.java</file>
        </group>
    </open-files>
</project-private>
